sentence,label
kanoune sinelefsi arketa sixna,Greeklish
im constipated edit free bobby shmurda,English
mexri na mazepsw merika ekatomuria k na tous kanw munisi,Greeklish
peace,Greeklish
oooooh everyone thinks thats fucking weird,English
internet den einai neuland gia tous ellinares,Greeklish
get away lot youre younger starts catch even numbers good,English
fantazese pragmata,Greeklish
gia poion logo grafeis etsi,Greeklish
ke akoma ke etsi na ine teties omades tha stiriksoun oso mporoune,Greeklish
people havent pooped yet still holding last years shit,English
sounds like youre trying make right changes health,English
open freezer get warmer bruh,Greeklish
apla h diafora sto amaksi fainetai upervoliki mexri kai max trwei tetoio gap,Greeklish
hope feel better soon bud,English
im methadone normally shit every days pretty regularly dose months however last week two ive gone maybe,English
eixan ki afta tin plaka tous,Greeklish
bug,English
pio nothis pou ise idos ipo eksafanisi,Greeklish
greeklish ftw,Greeklish
rrimjobsteve,English
elkases pali,Greeklish
epixirima na kanis gia tous alous den piani giati oloi skeftomaste afou den kani aftos pou xriazete den tha kano ego giafton,Greeklish
major tasks natural language processing speech recognition text classification naturallanguage understanding naturallanguage generation,English
exeis dikio alla prepei na thimasai oti ellines pou figane idi itan distixismenoi tin ellada kai thelane na vglaloun ta lefta tous,Greeklish
dld kaneis panw katw megales kyriws paragelies symferei,Greeklish
ksanalew karen dn saresei apla feygeis,Greeklish
den simeni kati,Greeklish
g,English
pou sai file mou leipses gnwmh gia oppi,Greeklish
na eisai teleiws monos dn kserw einai kalo akoma kai na exeis epileksei omos,Greeklish
give us time,English
giati na min grafoume greeklish gia peite mas,Greeklish
exw taraxtei ligo apo ta downvotes kai de mporw na skeftw kathara egw eipa ti anavathmish pistevw oti fernei ekshghse mou kai mena pws katalavaineis thn anavathmish twn eksarxeiwn metro,Greeklish
reddit huh,English
ime kenourgies se afto,Greeklish
pou exoun emvoliasti na kano emvolio,Greeklish
need help,English
xazeuw apo dw kai apo kei,Greeklish
shitting eye needle,English
edit edo ke lepta pernao iparksiaki kris eprepe na valo proto deftero sto tritodeftero,Greeklish
good time take air,English
test true friend,English
wont let go,English
thema einai na exeis anthrwpo na se katalavainei se vathos,Greeklish
open reddit im taking st shit,English
itaiedpmcpfa,Greeklish
biblegateway,English
removed,English
fantazomai oti ean mazepsw merika apo auta kai na exw toulaxiston ena gia kathe mhnes tha mporw na kalypsw authn thn trypa pou dhmiourgei olo provlima,Greeklish
pezei na exei na kanei ths trapezes poli perisotero apo oti pistevei kosmos,Greeklish
boss makes dollar make dime thats poop company time,English
auto pou milate misa ellinika misa agglika h petate ksenes leksis ti fash,Greeklish
trust,English
xriazete oxi na exi ine ali sizitisi,Greeklish
ps,Greeklish
des exi na kani kseris ine adinaton gia ton egefala na kanis ti sindesis xoris na skeftis energa,Greeklish
days probably see doctor,English
last sentence comment description,English
one take care im sick worried becoming sick,English
poia eimai egw na dwsw orismo sthn texnh,Greeklish
opos periegrapse ton eafto sou den ixe kati na traviksis ti prosoxi,Greeklish
edit found,English
ta resta ipologizobapo prin posa prepi na paro peripou,Greeklish
exw kapoia eggrafa ta opoia mporw na parousiasw pou epidiknioun thn fysikh mou parousia th stigmh pou ta ypegrapsa,Greeklish
deleted,English
pio ethismenoi apo tou apolitik kentroous den iparxoun,Greeklish
hope youll make chance keep working,English
synitheia plus maresei na trigarw atoma gia ta greeklish,Greeklish
ithela na toniso poso dinitika provlimatiki ine hrisi ton greeklish,Greeklish
en etei pou exei orthografo akoma kai psugeio na nomizeis oti orthografia einai thema deixnei posi antilipsi exeis,Greeklish
apla ine mia sinxroni onomasia gia mia klasiki antropinikinoniki simperifora,Greeklish
took two travel day im even sure needed,English
proposed test includes task involves automated interpretation generation natural language,English
emena mou aresei kai auto arkei,Greeklish
cocaine,English
develop severe eating disorder youll learn like poop times month,English
youll get going awesome,English
premise symbolic nlp wellsummarized john searles chinese room experiment given collection rules e,English
otan imoun mikros epesa sti xutra ti malakunsi kata kurio logo,Greeklish
liquor shits worst,English
se ksena episima eggrafa ioannis prepei na graftei,Greeklish
high b pressure,English
made biggest poop last year right christmas new years first time could say filled bowl waterline,English
kalitera kita gia kapio palio tei pou exei metatrapi se aei tora kai na pas se kapia sxoli mixanikon pliroforikis epagkelmatiki enasxolisi programatismo einai kapos geniko na sou po tin alithia thes na ginis front end back end developer,Greeklish
den uparxei kanenas sovaros logos na mhn grafei kapoios greeklish apo th stigmh pou mporei kai sunennoeitai,Greeklish
caffeine addiction dont need think far back,English
shit stream hours last wednesday night day thursday slept hours didnt feel quite right day saturday sunday,English
imaste zori sti mesi,Greeklish
opos sou ipa endiaforome na gia tin panoukla ke oxi gia prismena arxidia,Greeklish
e,English
weird thing hardly go get contact people,English
sta,Greeklish
great legal mind,Greeklish
ulcerative colitis sometimes disease flares everything backs,English
aurio dinw mathimata koinotikou k dioikhtikou dikaiou kai den exw skopo na katsw na tsakwthw enan mpaglamadako redditora,Greeklish
mother fucker,English
emfanisi den pezi rolo,Greeklish
ali mia fora dixnis ti agnia sou,Greeklish
giati thes metro sta eksarxeia esy,Greeklish
kyriolektika kaneis reprogrammatismo ton eauto sou einai toulaxiston aksiothrinito,Greeklish
brownies roommate made really delicious edit yes know im changing though,English
den einai katholou dyskolo katseis na diavaseis,Greeklish
hero,English
went fast food friday night,English
auto fainetai olh mou th zwh mou eksigousan oloi lathos,Greeklish
honest question,Greeklish
ennoeite pos gia na kaneis mia tetoia kinisi iparxoun arketes proipoeseis px oikonomiki katastasi ktl,Greeklish
waiting apple store open,English
bloody hell,English
klama,Greeklish
rota ke sokrati,Greeklish
thats enough reddit today,English
ho ho,English
nosisa perasa xalara opos kai oloi oi gnostoi mou tis idias ilikias,Greeklish
eiste gia lipisi,Greeklish
hit wednesday night last week,English
den eixa ellinika sto kinito mou gia xronia kai akoma kai twra pou exw stelnw minymata se greeklish apo synieia,Greeklish
bold think botteling,English
kapoia apo auta htan meros ths idias authaireths logikhs pou krinete vandalismos idiokthsias,Greeklish
giati ipia ligo parapano,Greeklish
nice,English
afou ixe kani ton giro italia germania roumania boulgaria,Greeklish
different day,English
fun fact dont poop long enough literally back stomach throw shit become septic,English
favorite place maybe one employees got sick days earlier didnt wash enough,English
den iparxoun vilologika fila exis katanoisi pera apo tin aploustefsi pou mathenis sto dimotiko,Greeklish
dont know content really crap last year,English
thats legit horrifying,English
alla eixame internet polu prin mesos kosmos na parei xampari ti paizei,Greeklish
sosta ekana,Greeklish
prostimo den mou irthe akrivos,Greeklish
sigh happy new year,English
fortunately caught small bit didnt make mess outside sleep shorts,English
exis peresthisis,Greeklish
use hands,English
try help relieve least one issue,English
ugh,English
ive lost like pounds last hours thanks pooping vomiting,English
opidipote atoma aniki se perthoriopimeni marginalize omada,Greeklish
cognitive grammar functional grammar construction grammar computational psycholinguistics cognitive neuroscience e,English
three trends among topics longstanding series conll shared tasks observed,English
nicely played,English
dont poop work,English
erxomaste kai spiti sou ola legit,Greeklish
deleted,English
im already chronically constipated real bad rn sucks cos im vacation hate feeling bloated,English
pws proteina thn diorwsh dn hksera gia ti pragma milaei bro,Greeklish
fuck wont poo tou tell,English
true,Greeklish
oxi,Greeklish
ase mas kai esu twra,Greeklish
reminds commenthttpswww,English
provlhma einai h elleipsh paideias sthn polh p kanei nomizeis oti tha prepe na exeis kai apopsh gia thn eparxia,Greeklish
couldnt give shit,English
de xreiazesai mpriki gia kaneis elliniko kafe pleon exei k allous pio sinxronous eukoloterous tropous,Greeklish
den se anagkase kanis na diavasis paidi pou ekane tin erotisi mporei na diavasi ama theli kai na di tin apopsi mou pano sto thema,Greeklish
g,English
fere kai kana rikokses foroi klp,Greeklish
giati ine toulaxiston itan pio spanio ke malon pio lathos apo ta tria,Greeklish
otoma pou zoune kathimerina ala gia kaipio aneksigito logo den metrai tora otan strefete se epixirisis ke atoma isxi,Greeklish
ponai e,Greeklish
ke ego,Greeklish
opote ama mou diksi ti ora se analogiki tha kitao gia kapia ora pri katalavo ora ine gia na kano tous ipologismous,Greeklish
ke otan zitas burger den sou fernoun bifteki,Greeklish
paliofyllada,Greeklish
kai kathenas grafei opws goustarei alla k mono p trigareste oloi eseis exei plaka opote tha synexisw na grafw etsi akoma poio polu,Greeklish
sorry file katse na grapso tropo na katalabis kai esi,Greeklish
ad hominem,Greeklish
e bro na sou pw den mporoume na soy dosoume dema sou pata ligo link aight ta leme,Greeklish
giati file,Greeklish
got case beer shits eh,English
earliest decision trees producing systems hard ifthen rules still similar old rulebased approaches,English
might even say,English
exei kanena pou den tou pitoun xidia kai thelei na apantisi,Greeklish
kai apla plhroforiaka pote pathses teleytaia fora eksarxeia sth zwh sou,Greeklish
eidika eisai kopela einai oti pio eukolo na vreis serviotra eidika eksogiseis tin katatasi p vriskese kiolas kai poso anagkia exeis,Greeklish
fiber coffee laxatives repeat,English
sinithos kano gia nostalgikous logous sigkekrimena atoma,Greeklish
gia istorikous logous loipon,Greeklish
pistevis oti aksizi ton kopo mou gia sovari apantisi ise entelos delusional,Greeklish
ti thewreis anavathmish akrivws,Greeklish
ta greeklish einai pio simantiko kommati tis monternas ellinikis koultouras,Greeklish
ke ego ftoxos,Greeklish
oxi,Greeklish
klassika grafw greeklish opote den exei aksia logos mou downvotes kai metafrasoula sake irony,Greeklish
works laxative population,English
bowels parade,English
apo tin platia exarxiwn exis stasi ilektrikou sta lepta stin omonia stasi metro sta lepta sto panepistimio,Greeklish
fenete polu eukolo kai einai polu asteio poso eukola oi karens nevriazoun kapoion pou tha grapsei greeklish kai arxizoun ena paralirima tou styl pigaine sxoleio amorfwte ktlp tha xathei ellada logw esena ktlp,Greeklish
panicked,English
going waiting want send care package,English
came tragic end costco,English
den exo katholou rithmo opote xalia,Greeklish
den itan afti prothesi mou,Greeklish
milao kai grafo pio sixna se agglika opote exo sinithisi pio poli ta grammata,Greeklish
therapist says hard time letting things go,English
edit de kanw edit sinithws alla osoi kanete downvote peite mou kai mena na mathw ti akrivws anavathmish paizei trigyrw,Greeklish
episeis prospathisa na katevasw games kai dn afinei na kanw instal giati thelei administrator,Greeklish
glosa exi oti emis theloume na exi,Greeklish
gia sinvoules stiriksi ke ikonomiki voithia isos mexri ke gia stegasi,Greeklish
rage latrine edit cant believe first gold shitty pun,English
ine kapio pexnidi pou grafoume lista plousious,Greeklish
cant relax strangers around,English
ego jiannis,Greeklish
ola ta autocorrect features einai disabled apoti fainetai tha energopoiisw,Greeklish
tasks direct realworld applications others commonly serve subtasks used aid solving larger tasks,English
kai prin dw skeftika e kala ths cu einai hdh ligo poly skata,Greeklish
pantos oli kanoume lathi,Greeklish
enemas wild ride,English
alcohol makes constipated p,English
cuppa coffee cleaned pipes riiiiiiight,English
idio ke esi na fantasto,Greeklish
mi iparxto provlima,Greeklish
nomizw pos thn exoun dei harry potter les kai prepei na lene sugkekrimena logia gia na piasoun oi teletes,Greeklish
peos,Greeklish
handcoding set rules manipulating symbols coupled dictionary lookup historically first approach used ai general nlp particular writing grammars devising heuristic rules stemming,English
distixos omws einai kati pou prepei na lysw gia prosopikous logous,Greeklish
g,English
literally read sat first poop,English
kati pou den einai pseftokoumounia,Greeklish
eixe allaksei universally tha imoun,Greeklish
kai sena ti se koftei flwre grafw kefalaia k greeklish,Greeklish
pantws pws phge max apo na spaei rekor se seri nikes sto na min mporei na stavrwsei niki se ena xrono einai akraio,Greeklish
iparxoun ke diafores feminstikes omades pou mporis na apefthinthis gia voithia,Greeklish
den exis tis provokes e,Greeklish
kai siga min katso na psakso kai ta comments sou kaimene mia protasi apadouses ama thes ton logo pou xriazete na kano emvolio apli erotisi itan,Greeklish
poios allos ta kanei auta,Greeklish
oses stasis kai na ftiaxoun orario ine afto pou einai kai twra pali amaxi tha vgenei kosmos,Greeklish
exact thing happened,English
took shit minutes midnight,English
following list commonly researched tasks natural language processing,English
gr gia na min xaun,Greeklish
isxuei bro ena shmantiko kommati twn albanwn deuterhs genias thn kanei gia londino ellhnikes tautothtes,Greeklish
den katalavainw ti ennoeis file akougesai ethnoprodotis,Greeklish
varieme na girizw piso gia na diorthoso tin orthografia,Greeklish
guests literally cant relax,English
friston,English
like otan ta grafete den cringarete h mhpws milate k etsi apo konta,Greeklish
ties cognitive linguistics part historical heritage nlp less frequently addressed since statistical turn,English
prepei omws na kalypseis oso pio grhgora mporeis monos sou ta kena pou exeis sta mathimatika dioti kathigitis frontistiriou den tha katsei na kalypsei ta kena sou,Greeklish
ego pisteuo oti na kaneis paidia einai pio ipeuini kinisi sti zoi enos anropou,Greeklish
dont let setback get,English
geia sas,Greeklish
yeah,English
ahhahaha exei pio megalo thema kinito sou den vazei kan tonous grigora steilto pisw episkeui,Greeklish
douleva se beach bar pou gia mhna dn eixame ontws katalogous giati dn tous eixane ferei akoma kai apla rwtagan times kserwgw poso duskolo einai na rwthseis ton servitoro poso exei kathe pragma,Greeklish
yparxei vasiki orthografia sta greeklish,Greeklish
could shit guest bathroom old time buddy hang,English
extremely weak,English
finally went hospital gave pill put butt jug cherry flavoured laxative chug,English
pisteve oti malakia thes den mou pefti logos,Greeklish
chinese phrasebook questions matching answers computer emulates natural language understanding nlp tasks applying rules data confronts,English
na synithiseis gt eime laptop eksoterikou kai varieme na kanw setarisma gia tin glwsa,Greeklish
official right typed,English
notion cognitive ai,English
afto simenei oti den tha kratisoun poly opote min anisixeis suntoma tha ksanakanete parea,Greeklish
try post stupidass shit yeah whatever want,English
grunt,English
neural machine translation based thennewly invented sequencetosequence transformations made obsolete intermediate steps word alignment previously necessary statistical machine translation,English
gia thn ellada gamo thn hooker mou mesa palio fucking tsoglania,Greeklish
efxaristo pou epiveveonis epixirima mou,Greeklish
pote akrivos katigorisa atoma,Greeklish
rnopoo,English
oute kan konta,Greeklish
deleted,English
natural language processing nlp subfield computer science especially artificial intelligence,English
mpirimpip mpirimpop afou sou exw k example gamw mou,Greeklish
edit les ironika tha sou ekana ke vote,Greeklish
felt terrible monday put brat bananas applesauce rice toast diet day yesterday today feel like new man,English
redd,Greeklish
cognition refers mental action process acquiring knowledge understanding thought experience senses,English
xeirotero apo ti,Greeklish
giati ti mporei na kanei wearable pou de kanei idi kinito sou pou aksizei ta tou iwatch eidika,Greeklish
im always little grateful stomach flu,English
egw st pc douleuw st grafeio twra eimai douleia dn exw ti na kanw,Greeklish
first time one say expect second wave one expects second wave,English
deleted,English
osoi kanoun paidia kata laos gia na sosoun gamous epeidh bariountai einai aksioi tis moiras tous,Greeklish
pos sou irthe oti prospatho na mantepso tipota,Greeklish
wow,English
den thigi vlakia sou min anisixis,Greeklish
bro paketaki einai etoimo alla prp na rtheis na pareis,Greeklish
xb edit tha protimousa na upirxe enas kwdikas gia pws tha prepei na grafoume sta ellinika agglikous xaraktires,Greeklish
pata sto parakatw link gia na paralavis dema sou brokoloko,Greeklish
vrisko periergo therises oti den itan aparetito na anaferis apo tin arxi,Greeklish
kai ego skefti na psifiso kati mikro kai asxeto pou den prokete na vgi,Greeklish
fun fact,English
ola einai apla otan eisai katanalwtis pou stoxeuse apple kai profanws ola mesa sto oikosustima tis,Greeklish
friends today football snuck away bowl game,English
se ena tilefonima ellhniko prokseneio mou eipan pws ean den mporw na deiksw toulaxiston ena stoixio gia kathe mhnes tote tha mou vgaloun ena xarti anypotaksias kai tote tha plakosoun prostimo,Greeklish
pooped immediately shower,English
ke rex ine batsoskilo,Greeklish
never trust fart,English
customer got sick sick germs place,English
g,English
pliz mathe anaptuksh paragrafwn,Greeklish
damn post isnt even old enough show number upvotes front page platinum,English
cognitive science interdisciplinary scientific study mind processes,English
htan kai einai eukolotero na katalavei kaneis ti grafw otan prospathw na xrisimopoiisw stoixeiwdi orthografia sto keimeno,Greeklish
realized havent pooped today,English
together,English
k enas malista pou ypothetika htan kapote stratologos idios,Greeklish
den katalaveno giati tin les se mena kai ton tsitsi kai oxi se olous aftous pou kindinevoun kai den emvoliazode efpathis omades ilikiomeous klp,Greeklish
compassage,English
e wraia,Greeklish
antitheta isxiristika oti tsitsipas p einai kai athlitis dn prokeitai na pathei paramikro otan nosisei apo covid,Greeklish
exi arnitiko varos xrisimopioutan arnitika xronia tora,Greeklish
dont give,English
example george lakoff offers methodology build natural language processing nlp algorithms perspective cognitive science along findings cognitive linguistics two defining aspects,English
atcapacity intestines,English
gia na grapso ellinika ksodevo ton diplasio xrono vazo kai autocorrect gia tonous,Greeklish
esi ipes gia ton malaka tis tesla,Greeklish
ine gender neutral,Greeklish
primarily concerned providing computers ability process data encoded natural language thus closely related information retrieval knowledge representation computational linguistics subfield linguistics,English
prepping potential butt sex,English
afou loipon oi gonis mou exoun emvoliastoi oi ilikiomenoi kai efpathis omades exoun episis giati prepi ego pou etsi kialios den kindinevo oute apilo tous gonis mou kai tis efpathis omades klp,Greeklish
morning poop afternoon poop,English
dont fully understand,English
opote eite apple kanei ta dika tis ta gnwsta eite apla den eide kaneis k kaneis den asxoleitai arketa gia na dei logw autocorrect klp klp,Greeklish
karkinaki,Greeklish
mostly hard dried shit intestines like survive,English
ymamai na einai kai na vlepw greeklish na xrisimopoiountai akomi kai sta forums,Greeklish
genika stin athina kosmos sto metro kitai,Greeklish
billboard say,English
distixos den kserw ean tis dexonte san apodeiktika dioti opws mou eipe kai h tyromouna sto prokseneio den shmainoun kai polla auta ta eggrafa dhlwseis mporeite na kanete online enw vriskeste anypotaktos entos elladas,Greeklish
panta etsi ginotan,Greeklish
take shit,English
epeidh kapote sou eipe kanakis na mhn kaneis,Greeklish
based longstanding trends field possible extrapolate future directions nlp,English
widthformatpjpgautowebpsbebbdbecfdbaaabacad,Greeklish
den einai efikto pleon,Greeklish
milagame etsi apo kairous msn kai oi pio megaloi akoma pio prin,Greeklish
blessed,English
perna kala thn kopela sou k xestous pros paron,Greeklish
mia xara eimai tin koinwnia kai einai timh mou na mou leei na ginw anthrwpos enas typos san esena,Greeklish
episis,Greeklish
ioannis den uparxei tropos na poun lathos einai vaftistiko sou kai kratas kai ta n apo ta ellhnika,Greeklish
cognitive linguistics interdisciplinary branch linguistics combining knowledge research psychology linguistics,English
got ta cost something right,English
use google,Greeklish
genika psekasmenoi pistevw oti einai osoi katapinoun akrita oti malakia akousoun apo dimosiografous kai apo tilegiatrous kai oxi tsitsipas p apo oti fainetai exei stoixeiwdi kritiki ikanotita,Greeklish
finally itll years biggest shit far,English
sygkrineis ta greeklish pou einai kyriolektika mia se polla eisagwgika dialektos gia euxristia kai na kaneis thn zwh sou pio eukolh sto internet mias kai ta perissotera einai sta agglika thn kathareuousa pou stamatise na omilite polla xronia prin,Greeklish
drink water eat fiber take walk,English
already alan turing published article titled computing machinery intelligence proposed called turing test criterion intelligence though time articulated problem separate artificial intelligence,English
trust issues,English
exei kantantisi,Greeklish
poop tell ya,English
whatever want,English
every time bend wrong way including sitting toilet incision bleeds,English
starting late however revolution natural language processing introduction machine learning algorithms language processing,English
like pinpoint exactly got,English
kai gw,Greeklish
episis ym kn pk,Greeklish
ke tha sinfoniso genika oti authoritarian kathe morfis ine anipoforoi esi giati pires prosopika,Greeklish
ala vaze alio sori den exo meta apo mpires edit mono,Greeklish
oso perisoteres stasis vevea toso kalitero ala stin prokimeni skopimotita mia stasis metro stin platia exei na kanei tin alagi tis koultouras ton exarxhion se kati alo apo aftou pou einai twra,Greeklish
ama kanoun afti ego den xriazete na kano,Greeklish
olo upotheseis mou eisai agapiti mou karen,Greeklish
den kindinevo ara den emvoliazome toso aplo,Greeklish
bought apples blueberries rasberrys plus salmon steaks get home tonight,English
giati grafoume agglika kurios olh mera kai den tha allazoume sunexeia plhktrologio,Greeklish
natural language processing systems based complex sets handwritten rules,English
poly logiko ek merous,Greeklish
weight,English
httpspreview,Greeklish
make account,English
alo sizitane gia ton stalin,Greeklish
consider wolves stronger deadlier coyotes,English
graffiti hrthe edw gia na meinei kai texnika paroume upopshn pws einai toixografia einai texnh h opoia uparxei apo thn palaiolithiki epoxh,Greeklish
alo afto pou grafis tora,Greeklish
thes na pis oti den sta evgala ego,Greeklish
kouventa na ginetai apla ithela na grapsw ena megalo keimeno sta ellinika k efuge panagia stin ptwti protasi opote egrapsa sta greeklish k metetrepsa,Greeklish
h agaph kai ektimhsh pou trefw gia sena einai arketh kai gia tous mas,Greeklish
removed,English
especially age symbolic nlp area computational linguistics maintained strong ties cognitive studies,English
try drinking coffee,English
machine learning approaches include statistical neural networks hand many advantages symbolic approach,English
xoxaoxaoxaoxa pw ti mou eipe gia koita mia ean erxomai comrade,Greeklish
im glad youre better already,English
xoris emas den tha ipirxe greeklish moulika,Greeklish
sti simasia tou diafonis,Greeklish
edit auto corrected word,English
mbro den exis karta pleom,Greeklish
g,English
ive pissing ass fuckin day,English
make pot coffee give minutes edit thanks gold,English
prwton pou dn exw pc kai deuteron pou eimai st pc tis douleias opos sto eipa dn mporw na valw greek alphabet tha mou prizoun ta arxidia meta,Greeklish
kai pou de diavazeis esu den allazei kati,Greeklish
non smoker drugs alchohol,English
thn panagia den katalava ta trita aftou tou post,Greeklish
ikseres pos kosmos egrafe greeklish aiones prin esy gennitheis,Greeklish
really way congrats guess,English
post want,English
vlepeis kai ereis ti sou erxete,Greeklish
whatever want,English
recently ideas cognitive nlp revived approach achieve explainability e,English
beer shits literally pain arse,English
enia pou den iparxi ka sta elinika diladi kane sigekrimena apo ta geni pou exoume stin alada,Greeklish
free,English
mathimatika fisiki ta pao pigena malon arketa kala pantos,Greeklish
giati oxi,Greeklish
really tried go,English
ios metalasete analoga se emvoliasmenous kai min,Greeklish
much going party crush instead asleep pm,English
funny saw spent minutes googling solutions opening reddit,English
giati sto reddit otan sou dinoun dyo perioristikes epiloges prepei na dialekseis,Greeklish
toradol,English
stay hydrated bud,English
antistoixa erga graffitadwn pou katalamvanoun thn texnh tous dhmosious kai idiokthtous xwrous pleon h elit apofasise na ta valei se mouseia kai na ta kostologhsei,Greeklish
antivomitnausea medicine iv felt better hours,English
etsi kialios koronoios irthe gia na mini idi kolane oi emvoliasmenoi kai metadidoun,Greeklish
arsehole looks like chewed orange,English
reddit post pou sxoliasw gt dn exw greek keyboard st pc tis douleias mou,Greeklish
den iparxi kati na pis se enan igiestato xrono pou den theli na emvoliasti,Greeklish
den exis akrea omofovikes ksenofovies ktl apopsis den tha exis kane thema,Greeklish
idea existed,Greeklish
walked er,English
kai oxi den einai,Greeklish
aw man terrible way spend nye,English
facts didnt need know alex,English
nai pes oti den exeis epixeirima kai ase tis poutsodikaiologies,Greeklish
edit obligatory thanks gold n sliver,English
dog started freaking neighbor decided midnight,English
afou pliorismos einai toso pane,Greeklish
kai afou ta dinei kosmos giati oxi,Greeklish
oxi alla autos arxise olo auto kinhma mhn kolas sto onoma,Greeklish
username play blueeyeswhitedragon yugih,English
httpswww,English
grafw greeklish apo sto internet,Greeklish
unloaded last years shit,English
tha kanw ligo gatekeeping twra,Greeklish
enema yesterday didnt eat,English
wonder get taste poop mouth,English
ksero kapii ine plosii kapii oxi,Greeklish
kai de milaw gia ta greeklish p kanoun gomenes tou fb tis fatses alla apla greeklish opos ta dika mou,Greeklish
guys gearing dontpeejanuary,English
psaxnan drugs tha pigainan sto kolonaki alla ekei malon arazoun ta afentika tous,Greeklish
though natural language processing tasks closely intertwined subdivided categories convenience,English
variemai na allaxw th glwssa apo agglika se ellhnika epeidh xrhsimopoiw lexeis kai apo tis duo glwsses sunexeia kai mporw na sunnenohw fine,Greeklish
giati turning point kata twn greeklish htan ena spot tou kanakh sthn thleorash,Greeklish
ill hold hand help,English
kala montelo dn einai na epwfelitheis apo enan mina alla apo synexeis agores enan xrono,Greeklish
isws ksodeves ligotero xrono na prizeis poutses sto net na hkseres kai pws na grapseis swsta tin egkyrothta,Greeklish
ahhh see im one poop anxiety,English
thanks everyone happy new year,English
den exi na kani poso kalos ise sta mathimatika ala tin epeksergasia arithmo,Greeklish
hihi,Greeklish
grigoris sthn plateia exei nai hdh provlhmatiko akriva noikia pantou ayto de shmainei oti de tha akrivinoun akoma pio poly metro pezodromio parkour den eisai xazos katalavaineis oti anetos den ennow oti exei wraious dromous kai den vrwmizoun ta papoutsia mou diafylaksh xarakthraattraction oxi ta eksarxeia exoun istoria den milame gia xrono pou tha paei hasan epeidh omg eksarxeia eimai toso cool,Greeklish
os athines ipotheto oti ine pio pithano na kitagan ti mitera sou perierga ke kolaga se esena antalaklastika gia na min pareksigithoune afou de ixes kati periergo gia athina,Greeklish
shit happened cant hold onto anything eat comes back,English
abdominal xray literally full shit,English
sto velgio gennithika alla pateras mou htan ellhnas kai eimai grammenos sta mitroa arrenwn ths perioxhs mou,Greeklish
kai information grafw greeklish mono kai mono gia na sthn spasw kai apo oti fenete epiase mias kai thewreite tous eautous sas anoterous kanontas question exw teleiwsei sxoleio,Greeklish
ropiates probably gon na win one,English
tora zo ameriki opote den exo pliktrologisei sta ellinika pote sti zoi mou kai einai poly pio dyskolo tora pia,Greeklish
diladi milagan gia ton kim jong un tha eprene na ine iper tou,Greeklish
cheese,English
apopsi tou oso egiri oso tis kuras marias tou peripterou,Greeklish
release bowels hell open,English
launched morning like chilean mudslide,English
g,English
removed,English
genika min anxonese,Greeklish
exis tipota alo na prosthesis stin istoria,Greeklish
edit one tell,Greeklish
den diavaseis den tha peraseis eite pas frontisthrio eite oxi,Greeklish
ayto de shmainei oti de tha akrivinoun akoma pio poly metro dld metro stin tositsa den tha anevoun kai metro stin plateia tha anevoun,Greeklish
knew woman methadone became constipated stopped pooping didnt anything started vomiting shit almost died,English
ime apo tin trapeza prepi na valis ola su ta lefta edo wwww,Greeklish
yo,English
oi apeksw den trampoukisan kanenan tsirizan fwnazan oti skata kanane kai apla oi alloi tous trexane sygkekrimenos typos twra einai swsto na krataei ropalo h oxi kathenas exei diaforeitkh apopsh alla en gnwsh mou den travmatise h xtyphse kanenan p,Greeklish
k episis dn saresei kai dn exeis na peis tpt sxetika thema tote na min asxolise file xd,Greeklish
arnitiki diafimisi ine akoma diafimisi,Greeklish
thema sinithias guess,Greeklish
einai ena prama opos otan milao pontiaka kana pontio,Greeklish
vale akoustika akou ligi mousiki kai perpata kalo stio sigekrimeno activity einai oti kaneis mia alpha gimnastiki mialo stamata na skeutete kai paei auto pilot meta apo ligo tha sinistousa ama eisai se poli na pigeneis akrivos apo tin antitheti pleura pou pas otan xipnas gia doulia sxolio na mpeneis se sokakia kai gitonies pou den exeis paei learn apriciate new helps time management like mins songs times away sleep,Greeklish
akribos auto,Greeklish
dont even know,English
iparxi provlima,Greeklish
happy cake poop day,English
tiganokefalos genniesai den ginesai pote aima sou tha xysoume gourouni bretane,Greeklish
katalavainw kai einai kalo auto pou kaneis alla emena dn endiaferei na katsei na dei boss mou ti,Greeklish
im reading poop,English
stekare sto kinimatorama leptomeries oute ksero oute tha mporousa na po apo edo profanos,Greeklish
epitides kano na se neuriaso krima gt ebala kai greeklish kai syntomografies thkiaole,Greeklish
first poop food,English
mean gtfo pussio,Greeklish
mama sou ine kompleksikia ke toxiki,Greeklish
went three weeks without pooping couple years ago,English
ti exoun ta greeklish,Greeklish
shitty way spend nye,English
much turkey stuffing potatoes,English
omfg paiiiiiiin,Greeklish
anyone mention poop knives yet,English
na emvoliasti aftos pou kindinevi,Greeklish
oti egrapses ine lathos,Greeklish
wooosh edit,Greeklish
koronoios den apilouse pote aftes tis ilikies,Greeklish
mathe prota pia ine diafonia sou ena thema ke meta milas,Greeklish
push dont forget breathe pushes,English
everybody remember pee dont pee january,English
ama diladi ekanan osoi kindinevoun ego den tha xriazotan na kano,Greeklish
den tha sou kano xatiri na apantiso sovara se teties apopsis ala opos tous aksizi ipotimitoko xlevasmo,Greeklish
pion ethikses,Greeklish
funny ask,English
nomizw prepei na pathseis link kai oti stoixeia sou zhthsoun na ta grapseis alliws rip karta,Greeklish
mou ine pio diskolo na grafo elinika logo orthografias,Greeklish
lets see go longest without taking shit edit blew,English
osa anaferw sto sxolio mou einai nomika apolytws egkyra,Greeklish
didnt poop couple weeks months back,English
hooked iv adavan torrsomething,English
akrivotera noikia mikel kai coffee island se kathe gwnia,Greeklish
deleted,English
time let gohttpsyoutu,English
dld sunanastrefetai atoma kathe mina tote malon dn tha kolisei,Greeklish
poo told ya,English
giati h orthografia mou einai xalia kai ta greeklish mporo na kripso,Greeklish
fortunate vomit hate vomiting,English
mia xara euanagnwsta einai ta greeklish,Greeklish
partofspeech tagging dependency parsing needed anymore,English
nye mine started diarrhea vomit,English
dhladh twra oloi edw mesa mporeite na uperaspisteite thn antikeimenikothta ths texnhs na thn orisete kai h aisthitikh h dikh mou gia kapoio logo den einai dekth kai thn afhnoume na kruftei mesa sta threads gt den sumvadizei ta dika sas kalaisthita protupa,Greeklish
letting go,English
first pooping something stitches could handle last days nightmare,English
anagyrisoun ta greeklish prepei na einai upoxrewtiko na xrhsimopoieitai anti gia ksi kai gia thita,Greeklish
den leo programatismo mathenis monos sou kai mesa stin sxoli praktika monos sou tha prepi n mathis kathigitis tha sou diksis pos ginete kati ala ton tropo grafis sou kai skepsis sou tha ton dimiourgisis kai anaptiksis monos sou,Greeklish
xanis pola ereia ke mithike oksigono sto egefalo,Greeklish
theres tp,English
xestika gia feneste ine niazi,Greeklish
ela paradeksouto,Greeklish
ti kerdizw pera apo tin astinomeusi tou grammar police kai tous thewritikous pou theloun na sinexisoun na kanoun idietaira arxaia kai nea ellinika,Greeklish
fucking way could hold onto long,English
atoma apo eparxia tetion apopseon ksexorizoun san ti miga sto gala edo esto ke den antilamvanonte,Greeklish
tha poume ke ala sxeta trivia,Greeklish
parakalaw tous dikous mou na kanoun esto account gia paypal kai mia zoh oxi mou hpan oti einai idio thn trapeziki karta kai den prosferi tipota parapano,Greeklish
signomi se prosvala,Greeklish
xamhlwse ta standard sou gia poious perimeneis na vreis edw mesa stay classy kai calm stick rall mhn afhseis na sou roufhei th zwh,Greeklish
auth h erwtisi ginetai toulaxiston mia fora mina,Greeklish
lose lot weight im still far perfect know hard make changes,English
tin ora provlima ine oti prepi na skefto gia aples praksis akoma ke monopsifious arithmous,Greeklish
true alla itan dwro kai alitheia einai ikanopoiitika pio grigorok smooth apo alla kinita idias aksias pleon den exw ta teleutaia montela,Greeklish
belmkqzbu,English
mine makria,Greeklish
giati einai proto step gia na gamiseis fasaia,Greeklish
ke kapakia ableist prosvoli,Greeklish
tragelafiko tileoptiko show profani skopo ti pavlofiki epiktotisi twn mpatswn kai tis kivernisis apo tous suntiritikous p den exoun patisei pote sta exarcheia,Greeklish
username checks,English
lost lbs,English
go somewhere else,English
hell doesnt like losing pounds,English
kaneis den xrisimopoiouse greekish twra tha zousame thn deyterh ellinikh anagennisi,Greeklish
eisai ligo periergos ligo xtupimenos theleis kati p den skeftike prin apo sena apple ti gamises,Greeklish
need health,English
iperaspistes tetion simperifora den aksizoun tipota ektos ton hlevasmo mou,Greeklish
se kathe post pou anaferetai paidi sto post sxoliazoyn gia ta tote sthn stavroupolh opws kai se afto diavaseis sxolia ki epeidh kourase eipa na pw dyo pragmata,Greeklish
ama loipon emvoliastoune oloi osoi kindinevoun kai oloi pano apo mia ilikia covid apo foniki arostia tha metatrapi se mia arostia paromias tis gripis,Greeklish
ira gia na dw ta sxolia sta greeklish,Greeklish
donner kebab last night sunshine,English
panw meros tou kraniou einai diogkwmeno kai kanei kranio na moiazei thgani profanws sagoni den mporei na ginei toso stroggylo oute se autous,Greeklish
monaksia niwthei kapoios akoma kai einai poio dimofilis anthrwpos ston kosmo,Greeklish
intoxicated version doesnt lactose intolerance unfortunately sober version deal former ate,English
let see find post,English
introduction hidden markov models applied partofspeech tagging announced end old rulebased approach,English
nice,English
im bday days,English
man spreading around,English
episis ta grafeis mia sxetiki orthografia einai mia xara euanagnwsta,Greeklish
fuck wont poo tell,English
somewhere somebody made biggest poop year,English
den boroun na xonepsoun oti oi neoi den emvoliazode giati apla den iparxi logos,Greeklish
shitty thought,English
ithela na sou grapsw olokliro keimeno profanws grafa sta ellinika gia na diavazetai pio efkola ala gia merikes protaseis gia mia suzitisi sto facebook enoeitai tha xrisimopoihsw greeklish,Greeklish
fucked lot cumulative effect makes difference,English
early hours monday farted sleep felt shit liquid fart proceeded relapse diahrea another hours,English
also wondering call tell got stomach flu place,English
purposely started peeing finished,English
im ready release humongous crap yet,English
called,Greeklish
remember went camp kid didnt poop entire time,English
ive poop twice since started take,English
monos sou,Greeklish
merikes fores bolebei eidika ama thes na grapseis kai agglikes leeis endiamesa got,Greeklish
tha ekplageis na matheis oti dn eimai tpt apo ayta p aneferes,Greeklish
ektos mou grafi apo idiotiko sou jet,Greeklish
alla giauto p lew egw sigoura dn symferei pleon,Greeklish
youre alone,English
afto den ginete panta,Greeklish
resu mperdeuomai para polu giati ta grammata dn einai sthn idia thesi opws sthn ellada px eimai germania kai germania exw ano kato wasd dn einai kan wasd opote grafw ta panta agglika grammatakeyboard pou einai polu pio eukolo,Greeklish
loipon epeidh oute hsastan sto epal stavroupolhs oute exete dei tipota pera apo news sto kinhto sas exoume kai leme sta epal stavroupolhs aftoi pou epitethikan prwtoi htan mesa apo sxoleio kai htan en merh organwmenoi apo thn eneth kai hkseran oti tha ginei diadhlwsh h oti egine kai oi misoi apo aftous tou sxoleiou den htan kan tou sxoleiou htan ekei gia mpaxalo apla,Greeklish
wouldnt vomit anything eat point nowhere go e,English
looked like pregnant,English
ksekina apo ta vasika ta katanohseis tha sou fainontai eksairetika eukola,Greeklish
decided go hospital chest pains,English
smallest shit,English
tis perisoteres fores ine marketing pou apla tous vgeni se kalo,Greeklish
complete opposite,English
make sure use door never open windows,English
deleted,English
prota kati ginete genika apodexti ke meta thespizete eliniki glosa exi keno se afto simio afou denexi oudetero genos gia teties xrisis,Greeklish
edo mesa einai papagalakia ton kanalion tsirakia tou sipsa kai tou xardalia,Greeklish
broadly speaking technical operationalization increasingly advanced aspects cognitive behaviour represents one developmental trajectories nlp see trends among conll shared tasks,English
intruged oh fuck,English
dn tha allaksei tipota,Greeklish
didnt even know possible didnt go,English
transformational grammar whose theoretical underpinnings discouraged sort corpus linguistics underlies machinelearning approach language processing,English
real shitty way start new year,English
fireworks tried console door spent rest night cuddling,English
denn exei suspense,Greeklish
time half way reading headline became disqualified answering question,English
den kserw orthografia,Greeklish
ta greeklish ine gia na goustaris,Greeklish
kai nai,Greeklish
top time,English
account years posts fairly disturbing,English
kalo ine na ta angnorizoume,Greeklish
comment im going buy laxatives tomorrow refuse throwing shit lol,English
homemade edible last night decides break free bathroom going smell like snoop doggs chill spot,English
fainetai pws exeis faei gamisi stin zwh kai prepei na mazepses arketo hdh apo ta sxolika sou xronia omws h empeiria sou den apotelei shmeio anaforas gia ton meso anthrwpo,Greeklish
xaxaxaxaxaxaxa brooli exeis provlima katanoisis ektos apo tin elleipsi statistikwn gnwsewn,Greeklish
evgala prosfata telios gboard arketa stixia dino idi sti google gia antistixo open source pliktrologio ke den exo kitaksi akoma kati antistixo gia outocorrect,Greeklish
auto epiriazei kai tin apopsi tous se koinonika themata signomi gia ta xalia mou ellinika,Greeklish
ipes gia politika ethismenous ke apantisa oti oi xiroteroi ine kentroi,Greeklish
wont come,English
ta iek prosopika ta snobaro epomenos min kitaksis se kati tetio gia pliroforiki tha sou mathoun kapia ili kai meta tha se perasoun etsi gia na min tous tros xoro stis ethouses apo istories filon pou akolouthisan iek ala itan se alon tomea apo tin pliroforiki kai ksana leo ginete kai monos ala den einai sosto se mia sxoli den pernis mono ptixio perni kai poli gnosi se diaforous tomis pou kathorizi meta pos thes na aksiopiisis ptixio sou,Greeklish
eixa kanei kai egw antistoixo post pleon pairnw mono apo ena sygkekrimeno poly spania ennoeite zori mia fora mina mporei kai ligotero epeidi einai wraio kai magazi exei kratisei anti gia ola stin perioxi p exoun paei,Greeklish
want buddy,English
since statistical approach replaced neural networks approach using semantic networks word embeddings capture semantic properties words,English
ala ine asxete epidi den anaferete se afta den kanis adapt sti glosa glosa kani adapt sti kinonia,Greeklish
balakia varaei mia raketa,Greeklish
live socal seems going around us,English
egw proswpika oute tous men oute tous de eimai p,Greeklish
diabietes high ldl,English
much like dont give crap,English
kante downvotes kai arxiste na klaigeste gia ta lefta sas emena alloi mou ta trwne kai oxi oi graffitades pantws,Greeklish
edit,English
edit mh mou peite gia sources ta mona sources pou tha prepei na pistevoume pleon einai opoios einai neutral kai parwn,Greeklish
good hold things long,English
time life ive completely pain free hooked iv drip good shit,English
emis ti ftiaksame,Greeklish
leoforos alaksandras konta sto metro ampelokipi,Greeklish
egw prosopika eimai eksotraika kai pc mou dn pernei elleniko keyboard episeis eimai apo pc tis douleias,Greeklish
kinda wonder actually gone toughened hours hoped get better,English
idietaira kaneis,Greeklish
episis sxoli den tha sou mathi mono programatismo tha sou mathi pragmata sxetika tin pliroforiki protokola asfalias pos litourgi ena http request ti einai https pou vlepis pano sto browser giati kodikos sou einai asfalis afton ton tropo kriptografias kai oxi ton alon,Greeklish
poo play poo play,English
nevertheless approaches develop cognitive models towards technically operationalizable frameworks pursued context various frameworks e,English
thelo kapios na mou eksigisi epixirimata giati ego tsitsipas pou imaste xriazete na kanoume emvolio,Greeklish
ntaxei kanenas den eipe oti einai epistomonas,Greeklish
hahahahahha thanks gia ayto den eixa idea oti yphrxe,Greeklish
ive laxatives stool softeners glycerin suppository,English
stomach brick,English
auto poy kateytheian gyrizete sto fans pote dn ktlv kai egw dn eixa katholou lefta k voitheia alla dn arxisa na papoudes,Greeklish
mou exi tixi paketo na ftani thessaloniki na proothoune athina apo athina na aneveni ksana thessaloniki kai meta se emena stin xalkidiki,Greeklish
past haunts matter hard push,English
ke gia na tiriso ti internetiakies teletourgies,Greeklish
sunexise shmantika eurhmata se arxaious ellhnikous kai aiguptious politismous sth mesaiwnikh kai vuzantinh epoxh,Greeklish
quality shitpost,English
best new years ever,English
giati na min grafoume greeklish op,Greeklish
megaleksandors kataktouse thon kosmo kai oi trappers den plakonontousan se dimosious xorous,Greeklish
youre already feeling better sounds like made right choice going,English
na pas na mamitheis kai su kai oi mamies sou,Greeklish
ekane ti douleia tou ekana ti douleia oloi xaroumenoi,Greeklish
mina minis kipreous tha eise gg,Greeklish
kati pou theoro oti prepei na kanei h paypal pados einai na dexesai na vaseis funds meso pay safe nomizo oti px se polonika kai kypro ginetai anigei ena terastio market pou einai anilika pou exoun ta xrimata kai theloun na ta xadepsoun px sto nintendo switch h psstore alla den exoun credit card sry gia ta greekglish kinito den exei elliniko alphabito,Greeklish
den exei simasia poios einai prwtos simasia exei poios nikise k epevale na vazw ton tono prin fwnien,Greeklish
vasika kai greeklish pou grafw einai epidi cba na perasw ellhnikh sto pc,Greeklish
actr however limited uptake mainstream nlp measured presence major conferences acl,English
huh,English
tulahiston itan professional ke egrapse greeklish ta ellinika grammata ine gia tis mazes,Greeklish
mpori ne ixe disleksiadisarithmisia,Greeklish
malaka den kserw orthografia keyboard enw ama ta grafw stilo panw sto xarti vgenoun mia xara,Greeklish
deleted,English
puking day saturday,English
things processing slowly,English
h apla einai kila epeidh kathetai olh mera edw na uperaspizetai tous mpatsous sta antistoixa post kai duskoleyetai,Greeklish
sigoura oso megalwneis einai wraio na moirazese tin zwi sou kapoion pou se ktlv apo tin alli uparxoun anthrwpoi pou aisthanontai gematoi apo kenes peristasiakes sxeseis xwris ousiafilikes k mi,Greeklish
unpopular opinion ta greeklish einai ok otan grafeis swsth orthografia,Greeklish
apla oloi akolouthoun kako paradeigma twn politikwn olo rixnoun euthines kai den koitane na sunergastoun na broun mia lisi,Greeklish
arxizw na thelw na poulisw twra enw edw k ena xrono apla den asxoloumoun,Greeklish
oi perissoteroi itan epituxis ara theloun na prostatevoun ti lefta exoun vgalei,Greeklish
den iksera oti ipirxan atoma pou den kseran na diavazoun greeklish,Greeklish
episis kako exi na milane gia ton stalin,Greeklish
akousi ton zuckerberg na sou psithirizi sto afti,Greeklish
tha sou apanthsw omws na min krineis eks idiwn ta allotria,Greeklish
dikigoros check,Greeklish
schrodingers shit,English
efxaristo,Greeklish
maybe ill make alive,English
pooping time relax,English
frontisthrio den einai oute anagkaia oute ikanh synthikh gia na katorthwseis na ftaseis ta en logw moria,Greeklish
ummm,Greeklish
den ine oudetero afti tin enia,Greeklish
thumamai tote traviksa toso zori twra afou oloi oi kataskeuastes k users kathomaste parea gurw apo ti zesti fwtia p mas megalwse microsoft gt na paw lamia mesw italias,Greeklish
nai alla ama peis ayto sto reddit erei kyma legontas poly eksypna kai eystoxa pragmata opws golden mean fallacy muh horse shoe theory,Greeklish
surgery week ago stitches located right top buttcrack,English
gia tin idio logo pou otan zitas hotdog den sou fernoun loukaniko,Greeklish
actually sitting toilet midnight,English
major drawback statistical methods require elaborate feature engineering,English
scrapparis apeuthias ta super market ola ta megala exoun sitemap xml lista twn proiontwn opote ama ta scrapparis fora meta apla kitas sto sitemap pio egine update kai scrapparis afto,Greeklish
mou aresi otan ta ougana dixoun ti klasi tous,Greeklish
greeklish einai anwtero lol,Greeklish
cause shit every days,English
symbolic approach,English
anxiety causes poop,English
isxuristika egw se kapoio simeio sto comment oti kathe enas anemvoliastos einai apithano na pathei paramikroo,Greeklish
se ena trigwniko proswpo koutelo den einai toso megalo kai diogkwmeno,Greeklish
jpeg,Greeklish
bold assume im going take shit year,English
den mou aresei oute kanakhs oute h thleorash,Greeklish
new year shit,English
im letting go right type,English
tha proteina gia na katapolemiseis tin varemara sou prin asxolitheis tin istoria na afierwseis ligo xrono gia na apoktiseis tis katallhles texnologikes deksiotites wste na vriskeis auto pou theleis,Greeklish
emas ti mas elei kai mas trabaei se afthn thn upoesh,Greeklish
intermediate tasks e,English
kai ta maxairia kai ta katsavidia kai oi gates tha eprepe na einai regulated tote,Greeklish
know norovirus extremely contagious,English
h apantisi sthn eretisi sou einai sto proto sxolio capito mpoufe,Greeklish
den mporo na katalavo pos kapioi perimenoune filiki apantisi stin kathe pou petane,Greeklish
im fucking sucks couldnt enjoy last night party,English
makari na htan toso aplo,Greeklish
fight,English
higherlevel nlp applications involve aspects emulate intelligent behaviour apparent comprehension natural language,English
ahh everyones favorite ratm song pooping name,English
big bottle tobacco clear ya right,English
pou akironi oli ti diadikasi tou skopou na dis tin ora,Greeklish
oxi gata einai tha zhsei kai meres exoyn nero,Greeklish
giati otan ksekinisa ypologistes imoun agglia kai den xreiastike pote na grapso sta ellinika,Greeklish
upvoted comment poopin hashtag,English
apofasises na prosvalis omos gt ta kanalia sou exoun mathi oti opios exi kritiki skepsi gia emvolio einai psek,Greeklish
one chick posted think beginning year hadnt pooped like weeks something,English
h idia elit pou onomazei graffiti vandalismo auth kerdizei lefta kai kallitexnhs kunhgiete apo thn astunomia,Greeklish
seeing doctor tomorrow pooping,English
shit cant hold back longer,English
den kseris kan ton ekrazan ton stirizan,Greeklish
due steady increase computational power see moores law gradual lessening dominance chomskyan theories linguistics e,English
oso ehei na kanei thn katastash polles toksikes sxeseis paizoun oso anafora tous filous sou,Greeklish
opote min mou ta prizis ine sosto oxi xrisi tou sta aplos sou leo oti afta pou grafis ine lathos thes na sizitisi sovara gia thema exe ti vasi gia ti isxi sosti prota,Greeklish
g,English
gia pe esy pou pairneis apo grammata ti lene oi papades,Greeklish
den einai sevasti h kathe aposi giati h antiemvoliastikh apopsi skotonei kosmo,Greeklish
alla einai oi idioi pou meta tha psifisoun mitsotaki kai tha petaksoun tsigaro tous katw tin paralia p,Greeklish
took imodium labeled purpose yesterday evening still working,English
giauto kai den thelw na paw amesws ekei oti xartia exw dioti petyxw kapoion sthn sy pou ekeinh th mera exei ligo ponokefalo isws na apofasisei oti den tous edwsa arketa stoixia,Greeklish
comraskredditcommentsxklswhatlittledisgustingsecretdoyouhavedczbm guy wanted poop hopes body would continue process continue pull nutrients,English
nai alla prepei na foras ta mplouzakia p tha lew egw tha xezeis stin stasi pou tha sou upodeiknuw kathe fora analoga tis kavles mou kai otan grafeis ellinika tonous tha prepei na pogaineis ston eiriniko na tous psareueis monos sou,Greeklish
reddit,English
cant even imagine process clearing ft,English
wahoo back prepregnancy weight,English
gia na katastrepsw tin ellhnikh koultoura kai glwssa na diaftheirw th neolaia kai na tous kanw olous na strepsoun tin plati tous makria apo tis patroparadotes paradoseis kai politismo epeidi volevei kai epeidi variemai na allaksw se ellhnika dialekse oti ap ta thes,Greeklish
pleasant weeks,English
vandalismo onomazane kai erga muralismou sto mexico ta opoia shmera exun apisteuta megalh pneumatikh aksia,Greeklish
likewise ideas cognitive nlp inherent neural models multimodal nlp although rarely made explicit developments artificial intelligence specifically tools technologies using large language model approaches new directions artificial general intelligence based free energy principle british neuroscientist theoretician university college london karl j,English
tha peis logiko ti allo na perimeneis apo tis karen tou reddit pou mpainw se post gia na sxoliasoun ta greeklish xwris na prosthetoun tpt allo aksiologo sto post,Greeklish
skase kanakh mia xara einai ta greeklish,Greeklish
den exo provlima sto diavasma se latinika ite se elinika ite ke tixeous xaraktires na vazis ama miazoun tous elinikous diavaso vasika diavaso arketa pio grigora apo meso oro sto grapsimo exo thema opio fenete kiolas,Greeklish
coarse division given,English
bottling healthy,English
tora omos ksereeis,Greeklish
gernao mama,Greeklish
ponaei einai mou twra,Greeklish
got one christmas ended us throwing diarrhea days,English
thought doesnt actually become shit nutrients absorbed intestines,English
sth sunthrhsh ergwn texnhs einai ena terasteio kefalaio mathimatwn kai ergasthriwn pou afora thn sunthrhsh kai thn pneumatiki aksia twn graffiti xwris na dinete idiaiterh shmasia sta protupa aisthitikhs pou vlepw edw mesa gt u guessed einai upokeimenika,Greeklish
ine plousios pou kolai afto,Greeklish
rimjobsteve,English
anything opoios den grafei greeklish einai periergos gia emena,Greeklish
ade mlk elw kai egw na parw paketo mou kamia wra ton vlk ths elta courier,Greeklish
woke caught stomach virus daughter son,English
epeidi eisai sporos tou satana kai theleis na katastrepseis thn ellinikh neolaia,Greeklish
wouldnt throwing normal vomit part,English
elliniko alfavito exei xaraktires enw latiniko auto shmenh oti kathe xaraktiras mporei na antixithi enan apo tous latinikou kai perisevoun q j kai c kapoios kseri oti orthografia sta ellinika mporei na grafei swsta kai greeklish,Greeklish
liquid ohi mazi sou resi ya afton pou apandises itan,Greeklish
everyone thinking last time pooped,English
vevaia autos mou eipe oti mporw aneta na kanw ti thiteia mou sto velgio pragma pou telika den htan akrivws swsto alla telos pantwn,Greeklish
couldnt keep even water thought skin looked strange color thought go doctor,English
searchmatthewaversionniv,English
mazi metro erxontai oi grigorides ta mikel oi normies ta akriva diamerismata sta hdh talaipwrhmena apo airbnb eksarxeia mia omorfh geitonia emeine na eimaste anetoi prepei na thn kanoume kai ayth attraction,Greeklish
thes na asxolithis efarmoges diadiktiou na kanis programata pou tha xrisimopioun eteriesatomikaotidipote,Greeklish
dont ever underestimate power dehydration,English
comrwtfcommentsayeqkihaventpoopedintwoandahalfweeksmildnsfw,English
sorry greeklish den exw sto keyboard sitn doulia ellinika,Greeklish
giati na prepei na grapsw tonous kai ena karavi orthografias,Greeklish
went overseas couldnt poop whole week long trip,English
f,English
edit giati deftero sta aglika,Greeklish
pws auto einai xeirotero,Greeklish
drink last night,English
paradexese ke idios,Greeklish
ate ribeye last night,English
forget movement,English
einai sigoura h pleionothta twn ellhnwn katoikwn tou londinou,Greeklish
diet fish chicken veggies plus half gallon water day,English
exis ftiaxti ligo,Greeklish
dn exw faei prin ban gia na faw k dw episis dn eimai oute mikros oute filos sou opote se oti kai na les apla pefteis eksw,Greeklish
full week,English
gia na taxidepsw apo kypro kriti mesa sta mesa tou fevrari ti xriazome,Greeklish
live salmon steaks,English
hahahahaha wtf ti sugkrish einai ayth,Greeklish
ta temph pou kolane,Greeklish
coming neededto buy groceries,English
den litpurgoun etsi oi gloses,Greeklish
rulebased systems commonly used,English
ap oso gnorizo prosvala ke prosevala ine apodekta,Greeklish
edit reddit silver meme time alive,English
mou einai eksairetikws dyskolo na deiksw logia poso sta arxidia mou einai ean diavases h oxi sxolio mou anthrwpako,Greeklish
apadisis tipou psek kai tetia den mou lene tipota opios exis kapio epixirima logiko mou grapsi,Greeklish
episis exaitias tis ilikias kai tis fisikis ikanotitas einai statistika sigoura oti akoma kai kollisei dn prokeite na diaswlinwthei oute profanws na pethanei,Greeklish
natural language processing roots,English
reddit,English
alliws john pou einai legit sta agglika,Greeklish
kinda nsfw httpswww,English
anti na akoute oti malakia vgainei h aristera h h deksia h opoios skata leei den hsastan ekei mhn pistevete tipota gia kanena symvan egw apo ekeines tis geitonies kai sxoleio eimai opote arakste ligo ta peri propagandas,Greeklish
ne ke,Greeklish
oute ego mporo,Greeklish
ke etsi apefevga mperdemata alous episis einai efkolo gia tous ksenous den seniazi na proferoun sosta,Greeklish
isa isa mou arese tropos pos xsigithikes,Greeklish
eksigise mou sxolia sou prgatika,Greeklish
late mids statistical approach ended period ai winter caused inefficiencies rulebased approaches,English
hahaha oti kai dei den enoiazei,Greeklish
eprepe na apantiso ke bezos ine plousious,Greeklish
epis exis proseksi den exo pari apopsi sto thema ke oute tha kano,Greeklish
time get poop well left eu,English
still couldnt shit today little bit know thats much information last years information outdated anyway,English
bet pretty expensive,English
den tha ta pame kala,Greeklish
know post stuff,English
pcr rapid k afta eimai anemvoliastos,Greeklish
documento den kserw itan paliofyllada panta alla twra einai auto akrivws,Greeklish
giati einai grigora apla kai mias kai ta agglika einai sunithws prokathorismeni glwssa sta perissotera pc de xreiazetai na allazeis glwssa kathe treis kai ligo,Greeklish
mlk genithikame den eixe kan ellinikous xaraktires otan mpename modem sto internet kai erxete kathe mouliko na mas tin pei pou grafoume greeklish,Greeklish
quality shitpost,English
allwste idios isws na exei nosisei apotelesma na exei eidi antiswmata ara tha itan mataio na kanei emvolio,Greeklish
episis lifestyle mporei na elaxistopoiei tin pithanotita na kollisei,Greeklish
giati den eloun na xasoun cent,Greeklish
ti vlepis giro sou,Greeklish
gia sou,Greeklish
exw na fadasto enan logo pados einai oti boris panefkolla na xekinisis ena business mesa mme kai na dexesai mono sinalages paypal kai anfibalo pro hacker sto insta pou thelli gia na mou kani recover account na prironei fpa,Greeklish
havent shit since friday,English
forolofikes dhlwseis kanw edw,Greeklish
finding thats hard part,English
antikatestise ta statistika p parethese ta statistika pou aforoun pososto diasolinwsis kai ti thnisimotita stous neous anthrwpous edit fuck bro eimai kathisterimenos dn mporw na ksexwrisw ta sumvola lol,Greeklish
